{
    "lever_names": [
        "energy",
        "methane",
        "agriculture"
    ],
    "lever_levels": {
        "energy": [
            0.0,
            0.5,
            1.0
        ],
        "methane": [
            0.0,
            0.5,
            1.0
        ],
        "agriculture": [
            0.0,
            0.5,
            1.0
        ]
    },
    "policy_matrix": [
        [
            -0.05000000074505806,
            0.0,
            -0.004999999888241291,
            -0.004999999888241291,
            -0.05000000074505806
        ],
        [
            0.0,
            0.0,
            -0.03999999910593033,
            0.0,
            0.0
        ],
        [
            0.0,
            -0.03999999910593033,
            -0.004999999888241291,
            -0.029999999329447746,
            0.0
        ]
    ],
    "policy_matrix_config": {
        "energy": {
            "CO2_FF": -0.05,
            "CH4": -0.005,
            "N2O": -0.005,
            "SO2": -0.05
        },
        "methane": {
            "CH4": -0.04
        },
        "agriculture": {
            "CO2_AFOLU": -0.04,
            "CH4": -0.005,
            "N2O": -0.03
        }
    },
    "adaptation_levels": [
        0.0,
        0.029999999329447746,
        0.07999999821186066
    ],
    "action_sizes": [
        3,
        3,
        3,
        3
    ]
}