{
    "costs": {
        "climate_damage_costs": [
            50.0,
            50.0,
            100.0,
            100.0,
            10.0,
            25.0,
            50.0,
            1000.0,
            1.0,
            15.0
        ],
        "energy_costs": [
            0.0010000000474974513,
            0.009999999776482582,
            0.10000000149011612,
            10.0,
            0.10000000149011612,
            0.0010000000474974513,
            0.009999999776482582,
            0.10000000149011612,
            10.0,
            0.10000000149011612
        ],
        "methane_costs": [
            0.0010000000474974513,
            0.009999999776482582,
            10.0,
            0.10000000149011612,
            0.10000000149011612,
            0.20000000298023224,
            0.05000000074505806,
            0.10000000149011612,
            10.0,
            0.10000000149011612
        ],
        "agriculture_costs": [
            0.10000000149011612,
            10.0,
            0.009999999776482582,
            0.0010000000474974513,
            0.10000000149011612,
            0.0010000000474974513,
            10.0,
            100.0,
            10.0,
            0.10000000149011612
        ],
        "adaptation_costs": [
            10.0,
            0.10000000149011612,
            0.009999999776482582,
            0.0010000000474974513,
            0.10000000149011612,
            0.0010000000474974513,
            0.009999999776482582,
            0.10000000149011612,
            10.0,
            0.10000000149011612
        ]
    },
    "prevention_decay": 0.95,
    "max_prevention_benefit": 0.5
}